match_id,match_date,matchday,team,opponent,home_away,goals_for,goals_against,total_distance_gross_km,intense_distance_gross_km,total_distance_net_km,sprint_distance_net_km,sprints_net,sprints_in_sr,sprints_vs_sr,tempo_runs_net,tempo_distance_net_km,intense_runs_net,intense_distance_net_km,intense_runs_in_sr,intense_runs_vs_sr,tempo_runs_in_sr,tempo_runs_vs_sr,total_distance_possession_km,sprints_possession,sprint_distance_possession_km,tempo_runs_possession,tempo_distance_possession_km,intense_runs_possession,intense_distance_possession_km,total_distance_outpos_km,sprints_outpos,sprint_distance_outpos_km,tempo_runs_outpos,tempo_distance_outpos_km,intense_runs_outpos,intense_distance_outpos_km,max_speed_kmh,minutes,minutes_net,match_label,match_minutes_gross,match_minutes_net
DFL-MAT-J041U7,2025-08-23,1,Bayer 04 Leverkusen,TSG Hoffenheim,H,1,2,114.81712999999999,8.64071,89.62814,2.35193,159.0,76.0,83.0,442.0,6.1515699999999995,601.0,8.5035,316.0,295.0,240.0,212.0,49.7771,73.0,1.05961,196.0,2.63125,269.0,3.69086,39.85105,86.0,1.29234,256.0,3.52033,342.0,4.81267,33.46,1101.0,,2025-08-23 | H vs TSG Hoffenheim,100.0909090909091,100.0909090909091
DFL-MAT-J041U7,2025-08-23,1,TSG Hoffenheim,Bayer 04 Leverkusen,A,2,1,120.21019,10.05073,93.27633,2.37145,155.0,82.0,73.0,564.0,7.40838,719.0,9.77983,388.0,344.0,306.0,271.0,38.49244,70.0,1.2066299999999999,232.0,3.09248,302.0,4.29911,54.78389,85.0,1.16481,345.0,4.3159,430.0,5.48071,34.44,1104.0,,2025-08-23 | A vs Bayer 04 Leverkusen,100.36363636363636,100.36363636363636
DFL-MAT-J041U9,2025-08-23,1,FC Augsburg,Sport-Club Freiburg,A,3,1,121.6194,8.61116,85.01626,2.26693,130.0,80.0,52.0,450.0,6.1647300000000005,580.0,8.43166,351.0,242.0,271.0,190.0,36.33575,70.0,1.3308200000000001,212.0,3.11499,282.0,4.44581,48.680490000000006,62.0,0.93613,249.0,3.04972,311.0,3.98585,33.54,1192.0,,2025-08-23 | A vs Sport-Club Freiburg,108.36363636363636,108.36363636363636
DFL-MAT-J041U9,2025-08-23,1,Sport-Club Freiburg,FC Augsburg,H,1,3,124.48198,9.8807,86.86266,2.53085,152.0,65.0,89.0,481.0,7.12787,633.0,9.65872,299.0,352.0,234.0,263.0,47.6295,63.0,0.9909600000000001,214.0,2.68294,277.0,3.6739,39.23315,91.0,1.5399,283.0,4.44493,374.0,5.98483,34.24,1192.0,,2025-08-23 | H vs FC Augsburg,108.36363636363636,108.36363636363636
DFL-MAT-J041UB,2025-08-24,1,Borussia Mönchengladbach,Hamburger SV,H,0,0,117.48789,7.544,91.60191,1.88836,130.0,74.0,59.0,425.0,5.5,555.0,7.3883600000000005,309.0,257.0,235.0,198.0,48.31976,59.0,0.86538,190.0,2.3115,249.0,3.17688,43.28215,74.0,1.0229599999999999,243.0,3.18846,317.0,4.21142,33.62,1089.0,,2025-08-24 | H vs Hamburger SV,99.0,99.0
DFL-MAT-J041UB,2025-08-24,1,Hamburger SV,Borussia Mönchengladbach,A,0,0,116.01298,7.81713,89.47482,2.09734,133.0,77.0,61.0,422.0,5.54095,555.0,7.6382900000000005,322.0,251.0,245.0,190.0,39.098259999999996,67.0,0.85371,194.0,2.42681,261.0,3.28052,50.37652,71.0,1.24362,241.0,3.11413,312.0,4.35775,32.93,1089.0,,2025-08-24 | A vs Borussia Mönchengladbach,99.0,99.0
DFL-MAT-J041UN,2025-08-29,2,FC St. Pauli,Hamburger SV,A,2,0,122.82687,10.39777,96.4968,2.85785,183.0,121.0,64.0,491.0,7.22435,674.0,10.0822,376.0,312.0,255.0,248.0,45.87682,112.0,1.62645,236.0,3.57684,348.0,5.20329,50.61997,73.0,1.23142,267.0,3.64753,340.0,4.87895,33.88,1122.0,,2025-08-29 | A vs Hamburger SV,102.0,102.0
DFL-MAT-J041UN,2025-08-29,2,Hamburger SV,FC St. Pauli,H,0,2,116.04327,10.3996,90.17969,3.17743,203.0,102.0,102.0,448.0,6.92474,651.0,10.10217,312.0,351.0,210.0,249.0,43.962450000000004,71.0,0.97302,162.0,2.33019,233.0,3.30321,46.21726,133.0,2.20439,297.0,4.59454,430.0,6.79893,34.11,1098.0,,2025-08-29 | H vs FC St. Pauli,99.81818181818181,99.81818181818181
DFL-MAT-J041UH,2025-08-30,2,Bayer 04 Leverkusen,SV Werder Bremen,A,3,3,122.04711,9.30589,96.27668,2.44303,167.0,81.0,86.0,472.0,6.78461,639.0,9.22764,312.0,332.0,231.0,246.0,50.59045,74.0,1.01517,200.0,2.81993,274.0,3.8351,45.68628,93.0,1.42785,277.0,3.96466,370.0,5.39251,35.76,1155.0,,2025-08-30 | A vs SV Werder Bremen,105.0,105.0
DFL-MAT-J041UH,2025-08-30,2,SV Werder Bremen,Bayer 04 Leverkusen,H,3,3,117.40211,9.85192,91.78852,2.74876,160.0,96.0,68.0,493.0,6.78479,653.0,9.53355,373.0,295.0,277.0,227.0,39.83124,69.0,1.32041,208.0,2.80346,277.0,4.12387,51.95727,95.0,1.42832,296.0,3.98132,391.0,5.4096400000000004,35.51,1120.0,,2025-08-30 | H vs Bayer 04 Leverkusen,101.81818181818181,101.81818181818181
DFL-MAT-J041UM,2025-08-31,2,1. FC Köln,Sport-Club Freiburg,H,4,1,124.11131,8.43338,92.07338,2.06002,138.0,86.0,55.0,433.0,6.02226,571.0,8.08228,318.0,269.0,232.0,214.0,37.4671,72.0,1.06738,177.0,2.64221,249.0,3.70959,54.60625,69.0,0.99264,269.0,3.38004,338.0,4.37268,33.61,1115.0,,2025-08-31 | H vs Sport-Club Freiburg,101.36363636363636,101.36363636363636
DFL-MAT-J041UM,2025-08-31,2,Sport-Club Freiburg,1. FC Köln,A,1,4,119.46947,7.53252,89.37592,1.5179500000000001,102.0,49.0,56.0,439.0,5.78893,541.0,7.30688,301.0,257.0,252.0,201.0,50.49753,53.0,0.72568,238.0,2.64229,291.0,3.36797,38.87841,52.0,0.79228,215.0,3.14664,267.0,3.93892,34.27,1115.0,,2025-08-31 | A vs 1. FC Köln,101.36363636363636,101.36363636363636
DFL-MAT-J041UP,2025-09-12,3,Bayer 04 Leverkusen,Eintracht Frankfurt,H,3,1,114.14732000000001,9.73121,82.75916,2.60708,152.0,103.0,51.0,468.0,6.74606,620.0,9.35314,382.0,263.0,279.0,212.0,35.983,86.0,1.54623,224.0,3.25367,310.0,4.7999,46.77617,68.0,1.06085,267.0,3.4924,335.0,4.55325,34.21,1110.0,,2025-09-12 | H vs Eintracht Frankfurt,100.9090909090909,100.9090909090909
DFL-MAT-J041UP,2025-09-12,3,Eintracht Frankfurt,Bayer 04 Leverkusen,A,1,3,116.06518,9.16703,82.90204,2.45737,152.0,73.0,81.0,473.0,6.52363,625.0,8.981,332.0,305.0,259.0,224.0,44.25838,53.0,0.81424,201.0,2.51449,254.0,3.3287299999999997,38.64363,101.0,1.64311,282.0,4.00916,383.0,5.65227,35.45,1158.0,,2025-09-12 | A vs Bayer 04 Leverkusen,105.27272727272727,105.27272727272727
DFL-MAT-J041UO,2025-09-13,3,FC Bayern München,Hamburger SV,H,5,0,119.08332,10.316089999999999,94.48292,2.88568,171.0,77.0,94.0,498.0,7.17646,669.0,10.06214,315.0,369.0,238.0,275.0,53.94498,78.0,1.23411,213.0,3.08298,291.0,4.31709,40.53793,93.0,1.65157,300.0,4.09346,393.0,5.74503,33.47,1083.0,,2025-09-13 | H vs Hamburger SV,98.45454545454545,98.45454545454545
DFL-MAT-J041UO,2025-09-13,3,Hamburger SV,FC Bayern München,A,0,5,113.11733,9.15257,92.1319,2.72478,156.0,92.0,67.0,421.0,6.18037,577.0,8.90515,308.0,284.0,216.0,217.0,36.30871,73.0,1.28415,188.0,2.48537,261.0,3.76952,55.82318,86.0,1.44064,245.0,3.69501,331.0,5.13565,33.86,1083.0,,2025-09-13 | A vs FC Bayern München,98.45454545454545,98.45454545454545
DFL-MAT-J041UQ,2025-09-13,3,Sport-Club Freiburg,VfB Stuttgart,H,3,1,119.6733,9.53814,90.29344,2.46246,150.0,79.0,74.0,487.0,6.81082,637.0,9.27328,334.0,322.0,255.0,248.0,41.7656,67.0,0.93645,190.0,2.88123,257.0,3.81768,48.5278,86.0,1.52606,313.0,3.92959,399.0,5.4556499999999994,33.79,1124.0,,2025-09-13 | H vs VfB Stuttgart,102.18181818181819,102.18181818181819
DFL-MAT-J041UQ,2025-09-13,3,VfB Stuttgart,Sport-Club Freiburg,A,1,3,112.51691,7.34976,85.77945,1.95241,133.0,65.0,69.0,362.0,5.25175,495.0,7.20416,263.0,241.0,198.0,172.0,44.46731,66.0,0.98154,170.0,2.33271,236.0,3.31425,41.31219,68.0,0.9708600000000001,200.0,2.91906,268.0,3.88992,33.4,1127.0,,2025-09-13 | A vs Sport-Club Freiburg,102.45454545454545,102.45454545454545
DFL-MAT-J041V1,2025-09-20,4,SV Werder Bremen,Sport-Club Freiburg,H,0,3,113.44088,8.29455,88.05029,2.12848,137.0,80.0,59.0,416.0,6.07652,553.0,8.205,314.0,243.0,234.0,184.0,50.872,69.0,1.18705,207.0,2.98419,276.0,4.17124,37.17827,70.0,0.9414,211.0,3.09228,281.0,4.03368,34.48,1111.0,,2025-09-20 | H vs Sport-Club Freiburg,101.0,101.0
DFL-MAT-J041V1,2025-09-20,4,Sport-Club Freiburg,SV Werder Bremen,A,3,0,122.38324,9.31161,92.91216,2.41944,142.0,69.0,75.0,470.0,6.6617,612.0,9.08114,291.0,335.0,222.0,260.0,36.72315,72.0,1.01071,161.0,2.51937,233.0,3.53008,56.18902,72.0,1.40873,321.0,4.14228,393.0,5.55101,33.48,1113.0,,2025-09-20 | A vs SV Werder Bremen,101.18181818181819,101.18181818181819
DFL-MAT-J041V5,2025-09-20,4,1. FC Heidenheim 1846,Hamburger SV,A,1,2,118.52936,9.767949999999999,87.50998,3.01386,163.0,75.0,88.0,453.0,6.50032,616.0,9.51418,311.0,323.0,236.0,235.0,40.57856,60.0,0.79357,193.0,2.41682,253.0,3.21039,46.931400000000004,103.0,2.2203,278.0,4.08349,381.0,6.30379,35.08,1126.0,,2025-09-20 | A vs Hamburger SV,102.36363636363636,102.36363636363636
DFL-MAT-J041V5,2025-09-20,4,Hamburger SV,1. FC Heidenheim 1846,H,2,1,113.99753,7.7353700000000005,83.92939,2.21023,132.0,83.0,50.0,396.0,5.3651599999999995,528.0,7.5753900000000005,297.0,243.0,214.0,193.0,43.40464,77.0,1.51256,202.0,2.80512,279.0,4.31768,40.52476,56.0,0.69769,205.0,2.56006,261.0,3.25775,34.76,1127.0,,2025-09-20 | H vs 1. FC Heidenheim 1846,102.45454545454545,102.45454545454545
DFL-MAT-J041UX,2025-09-21,4,Bayer 04 Leverkusen,Borussia Mönchengladbach,H,1,1,118.8326,8.45075,97.54918,1.99648,138.0,86.0,53.0,463.0,6.32008,601.0,8.316559999999999,376.0,234.0,290.0,181.0,55.68784,63.0,0.89863,237.0,3.22974,300.0,4.12837,41.86131,76.0,1.09784,234.0,3.09034,310.0,4.18818,35.56,1094.0,,2025-09-21 | H vs Borussia Mönchengladbach,99.45454545454545,99.45454545454545
DFL-MAT-J041UX,2025-09-21,4,Borussia Mönchengladbach,Bayer 04 Leverkusen,A,1,1,121.78684,8.85749,99.03224,1.84775,126.0,60.0,66.0,520.0,6.74215,646.0,8.5899,336.0,329.0,276.0,263.0,39.47548,57.0,0.8137099999999999,209.0,2.54677,266.0,3.36048,59.55675,69.0,1.03404,330.0,4.19537,399.0,5.22941,34.38,1094.0,,2025-09-21 | A vs Bayer 04 Leverkusen,99.45454545454545,99.45454545454545
DFL-MAT-J041VC,2025-09-27,5,Bayer 04 Leverkusen,FC St. Pauli,A,2,1,114.53882,8.56832,86.67797,2.1263,136.0,72.0,65.0,481.0,6.32876,617.0,8.45506,317.0,306.0,245.0,241.0,43.2632,59.0,0.91062,178.0,2.32728,237.0,3.2379,43.41471,78.0,1.21568,308.0,4.0015,386.0,5.21718,34.26,1147.0,,2025-09-27 | A vs FC St. Pauli,104.27272727272727,104.27272727272727
DFL-MAT-J041VC,2025-09-27,5,FC St. Pauli,Bayer 04 Leverkusen,H,1,2,119.17864,9.53699,88.37007,2.1840100000000002,150.0,88.0,62.0,538.0,7.09085,688.0,9.27486,404.0,297.0,316.0,235.0,41.93817,70.0,0.96636,258.0,3.22954,328.0,4.1959,46.43192,80.0,1.21764,293.0,3.86132,373.0,5.07896,32.27,1149.0,,2025-09-27 | H vs Bayer 04 Leverkusen,104.45454545454545,104.45454545454545
DFL-MAT-J041V7,2025-09-28,5,Sport-Club Freiburg,TSG Hoffenheim,H,1,1,115.02213,9.66705,80.66354,2.246,141.0,72.0,76.0,504.0,6.95027,645.0,9.19627,312.0,367.0,240.0,291.0,37.75261,57.0,0.98967,201.0,2.81582,258.0,3.80549,42.910940000000004,91.0,1.25632,330.0,4.13443,421.0,5.39075,35.43,1113.0,,2025-09-28 | H vs TSG Hoffenheim,101.18181818181819,101.18181818181819
DFL-MAT-J041V7,2025-09-28,5,TSG Hoffenheim,Sport-Club Freiburg,A,1,1,114.93527,9.68904,80.1136,2.41857,147.0,81.0,71.0,467.0,6.80264,614.0,9.221210000000001,368.0,278.0,287.0,207.0,41.43034,77.0,1.13274,275.0,3.32502,352.0,4.45776,38.68321,75.0,1.2858399999999999,219.0,3.47757,294.0,4.76341,35.71,1111.0,,2025-09-28 | A vs Sport-Club Freiburg,101.0,101.0
DFL-MAT-J041VB,2025-09-28,5,1. FC Union Berlin,Hamburger SV,H,0,0,119.74396,8.52202,89.13369,1.99557,125.0,63.0,66.0,473.0,6.19345,598.0,8.18902,304.0,312.0,241.0,246.0,31.63264,54.0,0.82569,163.0,2.04951,217.0,2.8752,57.5011,75.0,1.16989,324.0,4.14393,399.0,5.31382,36.01,1159.0,,2025-09-28 | H vs Hamburger SV,105.36363636363636,105.36363636363636
DFL-MAT-J041VB,2025-09-28,5,Hamburger SV,1. FC Union Berlin,A,0,0,115.89435999999999,7.05708,84.71333,1.9356799999999998,123.0,79.0,45.0,385.0,4.94682,508.0,6.8825,297.0,223.0,218.0,178.0,52.27537,75.0,1.12341,229.0,2.62704,304.0,3.75045,32.43792,49.0,0.81225,167.0,2.31977,216.0,3.13202,34.12,1155.0,,2025-09-28 | A vs 1. FC Union Berlin,105.0,105.0
DFL-MAT-J041VF,2025-10-04,6,1. FC Union Berlin,Bayer 04 Leverkusen,A,0,2,121.22971,9.3523,95.58619999999999,2.78986,158.0,69.0,89.0,483.0,6.44071,641.0,9.23057,310.0,335.0,241.0,246.0,30.555979999999998,52.0,0.82336,151.0,1.97653,203.0,2.79989,65.03023,106.0,1.96652,336.0,4.46417,442.0,6.43069,34.4,1138.0,,2025-10-04 | A vs Bayer 04 Leverkusen,103.45454545454545,103.45454545454545
DFL-MAT-J041VF,2025-10-04,6,Bayer 04 Leverkusen,1. FC Union Berlin,H,2,0,118.103,8.83523,92.49428999999999,2.6291700000000002,139.0,91.0,50.0,454.0,5.99005,593.0,8.61922,364.0,238.0,273.0,188.0,60.580690000000004,79.0,1.6345399999999999,267.0,3.30679,346.0,4.94133,31.913619999999998,62.0,0.99465,194.0,2.68328,256.0,3.67793,32.93,1133.0,,2025-10-04 | H vs 1. FC Union Berlin,103.0,103.0
DFL-MAT-J041VK,2025-10-05,6,Borussia Mönchengladbach,Sport-Club Freiburg,H,0,0,115.18472,9.34583,91.70202,2.52287,158.0,102.0,58.0,445.0,6.69008,603.0,9.21295,356.0,261.0,254.0,203.0,45.73807,88.0,1.45811,215.0,3.33448,303.0,4.79259,45.96393,72.0,1.06476,242.0,3.3556,314.0,4.4203600000000005,33.0,1045.0,,2025-10-05 | H vs Sport-Club Freiburg,95.0,95.0
DFL-MAT-J041VK,2025-10-05,6,Sport-Club Freiburg,Borussia Mönchengladbach,A,0,0,119.79669,10.153929999999999,94.92603,2.29994,147.0,65.0,85.0,553.0,7.66292,700.0,9.96286,324.0,390.0,259.0,305.0,45.54041,59.0,0.90196,218.0,2.90699,277.0,3.80895,49.38565,91.0,1.398,346.0,4.75593,437.0,6.15393,33.82,1046.0,,2025-10-05 | A vs Borussia Mönchengladbach,95.0909090909091,95.0909090909091
DFL-MAT-J041VN,2025-10-05,6,1. FSV Mainz 05,Hamburger SV,A,0,4,119.99784,11.19261,90.77686,3.16267,201.0,94.0,110.0,530.0,7.76799,731.0,10.93066,396.0,353.0,302.0,243.0,50.9247,85.0,1.12881,271.0,3.3337,356.0,4.46251,39.85217,119.0,2.0338600000000002,274.0,4.43426,393.0,6.46812,33.34,1094.0,,2025-10-05 | A vs Hamburger SV,99.45454545454545,99.45454545454545
DFL-MAT-J041VN,2025-10-05,6,Hamburger SV,1. FSV Mainz 05,H,4,0,117.03434,9.83835,85.60615,2.64639,162.0,105.0,62.0,480.0,6.73654,642.0,9.38293,372.0,298.0,267.0,236.0,34.86766,96.0,1.67605,180.0,3.17293,276.0,4.84898,50.73849,71.0,0.97034,323.0,3.5636200000000002,394.0,4.5339599999999995,34.12,1094.0,,2025-10-05 | H vs 1. FSV Mainz 05,99.45454545454545,99.45454545454545
DFL-MAT-J041VQ,2025-10-18,7,1. FSV Mainz 05,Bayer 04 Leverkusen,H,3,4,127.21233000000001,12.05135,97.82603,2.98554,195.0,105.0,91.0,654.0,8.91898,849.0,11.90452,522.0,338.0,417.0,247.0,42.831379999999996,81.0,1.06043,283.0,3.50989,364.0,4.57032,54.99465,115.0,1.9251200000000002,381.0,5.40907,496.0,7.3341899999999995,34.04,1159.0,,2025-10-18 | H vs Bayer 04 Leverkusen,105.36363636363636,105.36363636363636
DFL-MAT-J041VQ,2025-10-18,7,Bayer 04 Leverkusen,1. FSV Mainz 05,A,4,3,124.89623,10.07161,93.68724999999999,2.7225800000000002,165.0,97.0,71.0,512.0,7.17424,677.0,9.89682,354.0,336.0,257.0,265.0,50.03083,93.0,1.63394,225.0,3.42871,318.0,5.06265,43.656420000000004,75.0,1.08863,297.0,3.74547,372.0,4.8341,34.92,1158.0,,2025-10-18 | A vs 1. FSV Mainz 05,105.27272727272727,105.27272727272727
DFL-MAT-J041VR,2025-10-18,7,Hamburger SV,RB Leipzig,A,1,2,120.50582,9.31739,96.00692000000001,2.24581,151.0,95.0,56.0,512.0,6.87669,663.0,9.1225,407.0,265.0,312.0,209.0,49.51933,80.0,1.20117,259.0,3.37718,339.0,4.57835,46.4876,71.0,1.04464,262.0,3.4995000000000003,333.0,4.5441400000000005,33.34,1081.0,,2025-10-18 | A vs RB Leipzig,98.27272727272727,98.27272727272727
DFL-MAT-J041VR,2025-10-18,7,RB Leipzig,Hamburger SV,H,2,1,119.20474,9.70264,96.48994,2.32715,160.0,83.0,79.0,502.0,7.16587,662.0,9.49302,349.0,322.0,266.0,243.0,43.19803,70.0,0.99713,216.0,3.07505,286.0,4.07218,53.29193,92.0,1.33002,293.0,4.09081,385.0,5.42083,33.48,1082.0,,2025-10-18 | H vs Hamburger SV,98.36363636363636,98.36363636363636
DFL-MAT-J041VP,2025-10-19,7,Eintracht Frankfurt,Sport-Club Freiburg,A,2,2,117.98429,7.80991,90.59824,1.70646,123.0,65.0,60.0,468.0,5.97726,591.0,7.68372,305.0,296.0,240.0,236.0,41.34193,55.0,0.6622100000000001,190.0,2.348,245.0,3.01021,49.25628,70.0,1.0442500000000001,286.0,3.62927,356.0,4.67352,33.26,1081.0,,2025-10-19 | A vs Sport-Club Freiburg,98.27272727272727,98.27272727272727
DFL-MAT-J041VP,2025-10-19,7,Sport-Club Freiburg,Eintracht Frankfurt,H,2,2,121.6832,8.72447,92.59537,2.11904,151.0,98.0,56.0,450.0,6.21495,601.0,8.33399,358.0,261.0,260.0,205.0,47.75076,88.0,1.11249,207.0,3.13147,295.0,4.24396,44.84459,66.0,1.00653,258.0,3.0835,324.0,4.09003,33.55,1080.0,,2025-10-19 | H vs Eintracht Frankfurt,98.18181818181819,98.18181818181819
DFL-MAT-J041W5,2025-10-25,8,Hamburger SV,VfL Wolfsburg,H,0,1,121.19198999999999,9.633709999999999,88.19823,2.3520399999999997,151.0,92.0,60.0,482.0,6.90621,633.0,9.25825,389.0,266.0,297.0,206.0,50.95838,79.0,1.31913,261.0,3.68569,340.0,5.0048200000000005,37.23986,73.0,1.03291,242.0,3.22054,315.0,4.25345,34.99,1114.0,,2025-10-25 | H vs VfL Wolfsburg,101.27272727272727,101.27272727272727
DFL-MAT-J041W5,2025-10-25,8,VfL Wolfsburg,Hamburger SV,A,1,0,120.7513,9.85476,89.68202000000001,2.31615,151.0,77.0,74.0,503.0,7.26557,654.0,9.581719999999999,289.0,378.0,212.0,304.0,35.41266,63.0,0.96116,173.0,2.39541,236.0,3.35657,54.26936,88.0,1.35499,343.0,4.87017,431.0,6.22516,35.74,1115.0,,2025-10-25 | A vs Hamburger SV,101.36363636363636,101.36363636363636
DFL-MAT-J041VX,2025-10-26,8,Bayer 04 Leverkusen,Sport-Club Freiburg,H,2,0,114.8372,7.30622,92.58651,1.9308400000000001,125.0,93.0,33.0,404.0,5.244870000000001,529.0,7.1757100000000005,357.0,179.0,264.0,146.0,58.25735,86.0,1.31804,209.0,2.82409,295.0,4.14213,34.32917,40.0,0.61283,201.0,2.42081,241.0,3.03364,34.47,1072.0,,2025-10-26 | H vs Sport-Club Freiburg,97.45454545454545,97.45454545454545
DFL-MAT-J041VX,2025-10-26,8,Sport-Club Freiburg,Bayer 04 Leverkusen,A,0,2,118.25375,7.68017,95.81421,1.54404,107.0,34.0,73.0,490.0,5.99594,597.0,7.53998,244.0,361.0,210.0,288.0,33.22579,28.0,0.36263,150.0,1.66303,178.0,2.02566,62.58845,79.0,1.18142,348.0,4.3329,427.0,5.51432,32.94,1052.0,,2025-10-26 | A vs Bayer 04 Leverkusen,95.63636363636364,95.63636363636364
DFL-MAT-J041W6,2025-11-01,9,Bayer 04 Leverkusen,FC Bayern München,A,0,3,117.69197,8.3737,97.49925999999999,2.54772,132.0,76.0,56.0,407.0,5.75756,539.0,8.30528,289.0,256.0,213.0,200.0,46.07871,73.0,1.29038,185.0,2.60978,258.0,3.90016,51.42057,59.0,1.25733,228.0,3.1478200000000003,287.0,4.40515,34.35,1058.0,,2025-11-01 | A vs FC Bayern München,96.18181818181819,96.18181818181819
DFL-MAT-J041W6,2025-11-01,9,FC Bayern München,Bayer 04 Leverkusen,H,3,0,123.38646,11.09928,100.57437,2.9929,170.0,86.0,86.0,541.0,7.86067,711.0,10.85357,375.0,352.0,289.0,266.0,50.42995,63.0,1.09124,199.0,2.84249,262.0,3.9337299999999997,50.14442,109.0,1.90167,356.0,5.01817,465.0,6.91984,33.36,1056.0,,2025-11-01 | H vs Bayer 04 Leverkusen,96.0,96.0
DFL-MAT-J041WB,2025-11-01,9,1. FC Union Berlin,Sport-Club Freiburg,H,0,0,112.29227,7.5491,78.81246,1.43043,113.0,79.0,35.0,447.0,5.93945,560.0,7.36988,349.0,224.0,270.0,189.0,29.15137,57.0,0.70671,151.0,2.00893,208.0,2.71564,49.66106,57.0,0.7237100000000001,308.0,3.93057,365.0,4.65428,34.06,1115.0,,2025-11-01 | H vs Sport-Club Freiburg,101.36363636363636,101.36363636363636
DFL-MAT-J041WB,2025-11-01,9,Sport-Club Freiburg,1. FC Union Berlin,A,0,0,112.94368,7.53307,78.94937,1.59939,123.0,75.0,48.0,440.0,5.72928,563.0,7.32867,276.0,300.0,201.0,252.0,47.912079999999996,66.0,0.84765,230.0,3.04672,296.0,3.89437,31.03728,57.0,0.75175,223.0,2.68256,280.0,3.43431,32.84,1113.0,,2025-11-01 | A vs 1. FC Union Berlin,101.18181818181819,101.18181818181819
DFL-MAT-J041WE,2025-11-02,9,1. FC Köln,Hamburger SV,H,4,1,123.61257,10.37042,91.43254,3.20465,177.0,95.0,82.0,448.0,6.96281,625.0,10.16746,320.0,318.0,225.0,236.0,42.46836,87.0,1.64726,191.0,3.30168,278.0,4.9489399999999995,48.96417,90.0,1.55742,270.0,3.66112,360.0,5.21854,35.15,1168.0,,2025-11-02 | H vs Hamburger SV,106.18181818181819,106.18181818181819
DFL-MAT-J041WE,2025-11-02,9,Hamburger SV,1. FC Köln,A,1,4,113.3142,9.52076,84.20593,2.74164,157.0,78.0,79.0,448.0,6.64021,605.0,9.38185,325.0,286.0,247.0,207.0,43.12107,68.0,1.07294,193.0,2.74008,261.0,3.81302,41.084869999999995,89.0,1.6687,261.0,3.90014,350.0,5.56884,33.91,1123.0,,2025-11-02 | A vs 1. FC Köln,102.0909090909091,102.0909090909091
DFL-MAT-J041WF,2025-11-08,10,1. FC Heidenheim 1846,Bayer 04 Leverkusen,A,0,6,111.41477,5.96512,94.07495,1.05268,80.0,51.0,29.0,385.0,4.8151,465.0,5.86778,244.0,228.0,193.0,199.0,33.10993,44.0,0.55265,153.0,2.00482,197.0,2.55747,60.96501,36.0,0.50006,239.0,2.81023,275.0,3.31029,33.58,1061.0,,2025-11-08 | A vs Bayer 04 Leverkusen,96.45454545454545,96.45454545454545
DFL-MAT-J041WF,2025-11-08,10,Bayer 04 Leverkusen,1. FC Heidenheim 1846,H,6,0,118.7619,8.06481,98.24416,1.94903,146.0,75.0,72.0,456.0,5.92431,602.0,7.87334,319.0,294.0,244.0,222.0,61.59398,58.0,0.66401,212.0,2.5116199999999997,270.0,3.17563,36.65019,89.0,1.2849899999999999,254.0,3.41267,343.0,4.69766,34.08,1059.0,,2025-11-08 | H vs 1. FC Heidenheim 1846,96.27272727272727,96.27272727272727
DFL-MAT-J041WN,2025-11-08,10,Borussia Dortmund,Hamburger SV,A,1,1,117.67634,9.76761,90.9571,2.2732099999999997,156.0,81.0,78.0,546.0,7.28684,702.0,9.56005,359.0,359.0,278.0,281.0,43.572829999999996,64.0,0.75292,217.0,2.78438,281.0,3.5373,47.38424,95.0,1.52028,342.0,4.50244,437.0,6.02272,34.21,1103.0,,2025-11-08 | A vs Hamburger SV,100.27272727272727,100.27272727272727
DFL-MAT-J041WN,2025-11-08,10,Hamburger SV,Borussia Dortmund,H,1,1,113.70411,8.14817,86.63563,1.98163,131.0,83.0,52.0,451.0,5.86339,582.0,7.84502,359.0,240.0,276.0,188.0,42.47659,81.0,1.27194,228.0,3.19511,309.0,4.46705,44.15904,54.0,0.70972,236.0,2.66826,290.0,3.37798,33.57,1103.0,,2025-11-08 | H vs Borussia Dortmund,100.27272727272727,100.27272727272727
DFL-MAT-J041WH,2025-11-09,10,FC St. Pauli,Sport-Club Freiburg,A,1,2,117.31642,7.06422,90.8213,1.5171,114.0,92.0,23.0,438.0,5.4507,552.0,6.9678,358.0,202.0,266.0,179.0,36.24261,86.0,1.06016,217.0,3.05088,303.0,4.11104,54.57868,29.0,0.45695,228.0,2.39982,257.0,2.85677,32.9,1080.0,,2025-11-09 | A vs Sport-Club Freiburg,98.18181818181819,98.18181818181819
DFL-MAT-J041WH,2025-11-09,10,Sport-Club Freiburg,FC St. Pauli,H,2,1,121.32389,8.44898,92.45707,1.90456,142.0,61.0,83.0,493.0,6.3160799999999995,635.0,8.22064,281.0,367.0,220.0,284.0,53.24854,54.0,0.48596,188.0,2.15569,242.0,2.64165,39.20854,90.0,1.4186,316.0,4.16036,406.0,5.5789599999999995,32.24,1079.0,,2025-11-09 | H vs FC St. Pauli,98.0909090909091,98.0909090909091
DFL-MAT-J041WO,2025-11-22,11,FC Bayern München,Sport-Club Freiburg,H,6,2,124.87941,10.05406,99.64222,2.47959,153.0,81.0,73.0,525.0,7.26389,678.0,9.74348,394.0,303.0,313.0,230.0,62.5811,75.0,1.1683,302.0,4.04638,377.0,5.21468,37.06114,79.0,1.31132,241.0,3.21747,320.0,4.52879,33.45,1102.0,,2025-11-22 | H vs Sport-Club Freiburg,100.18181818181819,100.18181818181819
DFL-MAT-J041WO,2025-11-22,11,Sport-Club Freiburg,FC Bayern München,A,2,6,125.99882,10.25746,101.42233,2.6191,164.0,88.0,79.0,525.0,7.37163,689.0,9.990730000000001,358.0,354.0,270.0,275.0,35.67904,64.0,1.04544,191.0,2.46184,255.0,3.5072799999999997,65.74329,103.0,1.5737,354.0,4.9097800000000005,457.0,6.48348,33.63,1101.0,,2025-11-22 | A vs FC Bayern München,100.0909090909091,100.0909090909091
DFL-MAT-J041WS,2025-11-22,11,Bayer 04 Leverkusen,VfL Wolfsburg,A,3,1,120.85461,9.28961,97.20043,2.20224,153.0,90.0,65.0,518.0,6.9677299999999995,671.0,9.16997,370.0,311.0,280.0,246.0,57.36945,76.0,1.09544,248.0,3.28227,324.0,4.37771,39.83101,79.0,1.10681,278.0,3.6854899999999997,357.0,4.7923,35.32,1080.0,,2025-11-22 | A vs VfL Wolfsburg,98.18181818181819,98.18181818181819
DFL-MAT-J041WS,2025-11-22,11,VfL Wolfsburg,Bayer 04 Leverkusen,H,1,3,120.3368,10.35474,97.77554,2.16187,161.0,91.0,70.0,577.0,8.06464,738.0,10.22651,415.0,332.0,324.0,262.0,36.90408,57.0,0.76453,202.0,2.75347,259.0,3.518,60.87148,104.0,1.3973,384.0,5.3112,488.0,6.7085,33.4,1081.0,,2025-11-22 | H vs Bayer 04 Leverkusen,98.27272727272727,98.27272727272727
DFL-MAT-J041WT,2025-11-22,11,FC Augsburg,Hamburger SV,H,1,0,116.66809,9.7323,92.05611999999999,2.52417,159.0,82.0,80.0,513.0,6.91179,672.0,9.43596,359.0,331.0,277.0,251.0,42.10614,63.0,1.07552,204.0,2.50389,267.0,3.57941,49.95002,99.0,1.44865,324.0,4.4078800000000005,423.0,5.85653,34.46,1065.0,,2025-11-22 | H vs Hamburger SV,96.81818181818181,96.81818181818181
DFL-MAT-J041WT,2025-11-22,11,Hamburger SV,FC Augsburg,A,0,1,113.59421,8.66266,88.71529,2.6072,155.0,91.0,67.0,408.0,5.77241,563.0,8.37961,317.0,260.0,226.0,193.0,46.25294,86.0,1.43611,205.0,2.9203,291.0,4.35641,42.462360000000004,72.0,1.17111,214.0,2.85213,286.0,4.02324,33.28,1082.0,,2025-11-22 | A vs FC Augsburg,98.36363636363636,98.36363636363636
DFL-MAT-J041WY,2025-11-29,12,Bayer 04 Leverkusen,Borussia Dortmund,H,1,2,115.52080000000001,8.49333,92.87304,2.01681,137.0,91.0,47.0,474.0,6.30312,611.0,8.31993,366.0,256.0,275.0,209.0,54.38999,84.0,1.16468,247.0,3.2604,331.0,4.42508,38.48308,54.0,0.85216,237.0,3.04271,291.0,3.89487,34.61,1079.0,,2025-11-29 | H vs Borussia Dortmund,98.0909090909091,98.0909090909091
DFL-MAT-J041WY,2025-11-29,12,Borussia Dortmund,Bayer 04 Leverkusen,A,2,1,119.98194,10.10586,95.36227,2.43904,157.0,67.0,92.0,576.0,7.52468,733.0,9.96372,354.0,389.0,287.0,297.0,36.50862,54.0,0.84642,196.0,2.48367,250.0,3.33009,58.85365,105.0,1.5926,388.0,5.04101,493.0,6.63361,35.24,1082.0,,2025-11-29 | A vs Bayer 04 Leverkusen,98.36363636363636,98.36363636363636
DFL-MAT-J041X0,2025-11-30,12,1. FSV Mainz 05,Sport-Club Freiburg,A,0,4,111.42908,8.91768,90.87124,2.27298,128.0,61.0,68.0,498.0,6.50605,626.0,8.77903,315.0,316.0,254.0,248.0,28.81857,53.0,0.59445,162.0,2.00326,215.0,2.59771,62.05267,76.0,1.67851,340.0,4.50279,416.0,6.1813,32.4,1008.0,,2025-11-30 | A vs Sport-Club Freiburg,91.63636363636364,91.63636363636364
DFL-MAT-J041X0,2025-11-30,12,Sport-Club Freiburg,1. FSV Mainz 05,H,4,0,125.23508,9.62645,97.84048,2.43293,148.0,107.0,42.0,530.0,7.0255,678.0,9.45843,402.0,286.0,295.0,244.0,64.79484,84.0,1.67114,289.0,3.86524,373.0,5.53638,33.045680000000004,65.0,0.76181,250.0,3.1603,315.0,3.92211,34.54,1079.0,,2025-11-30 | H vs 1. FSV Mainz 05,98.0909090909091,98.0909090909091
DFL-MAT-J041X5,2025-11-30,12,Hamburger SV,VfB Stuttgart,H,2,1,114.8547,9.77088,85.55041,2.67846,152.0,99.0,61.0,470.0,6.65656,622.0,9.33502,378.0,269.0,279.0,208.0,34.37054,83.0,1.55869,222.0,3.22737,305.0,4.78606,51.17985,77.0,1.11977,265.0,3.42923,342.0,4.549,34.75,1077.0,,2025-11-30 | H vs VfB Stuttgart,97.9090909090909,97.9090909090909
DFL-MAT-J041X5,2025-11-30,12,VfB Stuttgart,Hamburger SV,A,1,2,116.51675999999999,10.56323,87.31402,2.9459,175.0,86.0,91.0,491.0,7.35205,666.0,10.29795,355.0,329.0,269.0,238.0,50.39345,67.0,1.11554,227.0,3.0243700000000002,294.0,4.13991,36.9206,110.0,1.83036,280.0,4.32769,390.0,6.15805,34.97,1092.0,,2025-11-30 | A vs Hamburger SV,99.27272727272727,99.27272727272727
DFL-MAT-J041XB,2025-12-06,13,Bayer 04 Leverkusen,FC Augsburg,A,0,2,119.45275,9.020109999999999,96.69518000000001,2.58265,149.0,52.0,97.0,446.0,6.35206,595.0,8.93471,289.0,314.0,237.0,217.0,57.04805,46.0,0.61917,198.0,2.20122,244.0,2.8203899999999997,39.64714,103.0,1.96352,256.0,4.15083,359.0,6.11435,34.45,1103.0,,2025-12-06 | A vs FC Augsburg,100.27272727272727,100.27272727272727
DFL-MAT-J041XB,2025-12-06,13,FC Augsburg,Bayer 04 Leverkusen,H,2,0,124.09985999999999,9.39892,99.10661,2.76754,143.0,104.0,41.0,477.0,6.52806,620.0,9.2956,374.0,250.0,270.0,209.0,37.6771,89.0,2.02683,221.0,3.43989,310.0,5.4667200000000005,61.42954,56.0,0.74066,258.0,3.0881600000000002,314.0,3.82882,34.21,1100.0,,2025-12-06 | H vs Bayer 04 Leverkusen,100.0,100.0
DFL-MAT-J041XC,2025-12-06,13,1. FC Heidenheim 1846,Sport-Club Freiburg,H,2,1,119.92896999999999,10.35788,87.56772,2.6522,176.0,95.0,89.0,488.0,6.93054,664.0,9.58274,360.0,343.0,265.0,254.0,35.49498,78.0,1.2118,190.0,2.57822,268.0,3.7900199999999997,52.07274,106.0,1.4403700000000002,329.0,4.35231,435.0,5.79268,33.63,1103.0,,2025-12-06 | H vs Sport-Club Freiburg,100.27272727272727,100.27272727272727
DFL-MAT-J041XC,2025-12-06,13,Sport-Club Freiburg,1. FC Heidenheim 1846,A,1,2,122.79573,10.33449,91.32742,2.57887,178.0,104.0,77.0,511.0,7.42208,689.0,10.00095,391.0,321.0,287.0,244.0,53.45835,103.0,1.4409699999999999,278.0,3.8928599999999998,381.0,5.33383,37.86906,78.0,1.13788,253.0,3.5292,331.0,4.66708,34.64,1103.0,,2025-12-06 | A vs 1. FC Heidenheim 1846,100.27272727272727,100.27272727272727
DFL-MAT-J041XE,2025-12-07,13,Hamburger SV,SV Werder Bremen,H,3,2,114.55717,9.38341,85.82227,2.54108,159.0,102.0,58.0,445.0,6.43213,604.0,8.97321,343.0,283.0,241.0,225.0,44.7725,93.0,1.61682,221.0,3.25887,314.0,4.87569,41.04974,67.0,0.92428,245.0,3.17327,312.0,4.09755,34.19,1100.0,,2025-12-07 | H vs SV Werder Bremen,100.0,100.0
DFL-MAT-J041XE,2025-12-07,13,SV Werder Bremen,Hamburger SV,A,2,3,113.32938,10.033999999999999,86.4259,2.48803,158.0,70.0,88.0,505.0,7.24846,663.0,9.73649,320.0,360.0,250.0,272.0,38.57307,60.0,0.87805,186.0,2.58067,246.0,3.45872,47.85286,98.0,1.60997,336.0,4.6677800000000005,434.0,6.27775,33.9,1100.0,,2025-12-07 | A vs Hamburger SV,100.0,100.0
DFL-MAT-J041XG,2025-12-13,14,1. FC Köln,Bayer 04 Leverkusen,A,0,2,116.95946,8.84829,94.3083,2.2268499999999998,153.0,73.0,80.0,456.0,6.4570099999999995,609.0,8.68386,259.0,362.0,186.0,282.0,40.07447,71.0,0.93118,187.0,2.9123200000000002,258.0,3.8435,54.23382,82.0,1.29566,281.0,3.54468,363.0,4.84034,33.07,1045.0,,2025-12-13 | A vs Bayer 04 Leverkusen,95.0,95.0
DFL-MAT-J041XG,2025-12-13,14,Bayer 04 Leverkusen,1. FC Köln,H,2,0,115.21129,8.48685,92.35047,2.52625,168.0,116.0,55.0,432.0,5.74432,600.0,8.27057,357.0,257.0,241.0,202.0,50.77053,89.0,1.27629,182.0,2.50172,271.0,3.77801,41.57994,82.0,1.24995,261.0,3.2426,343.0,4.4925500000000005,33.79,1045.0,,2025-12-13 | H vs 1. FC Köln,95.0,95.0
DFL-MAT-J041XN,2025-12-13,14,Hamburger SV,TSG Hoffenheim,A,1,4,112.77814000000001,8.99255,87.17606,2.5161599999999997,159.0,106.0,55.0,450.0,6.2033,609.0,8.71946,351.0,278.0,245.0,223.0,38.89312,86.0,1.54848,206.0,2.88904,292.0,4.43752,48.2829,75.0,0.9677,262.0,3.31429,337.0,4.28199,34.33,1078.0,,2025-12-13 | A vs TSG Hoffenheim,98.0,98.0
DFL-MAT-J041XN,2025-12-13,14,TSG Hoffenheim,Hamburger SV,H,4,1,123.74081,11.73518,94.41395,3.1917999999999997,193.0,94.0,103.0,590.0,8.24683,783.0,11.43863,409.0,394.0,315.0,291.0,49.787130000000005,74.0,1.0154,261.0,3.2142,335.0,4.2296,44.62684,123.0,2.17639,345.0,5.03264,468.0,7.20903,34.9,1080.0,,2025-12-13 | H vs Hamburger SV,98.18181818181819,98.18181818181819
DFL-MAT-J041XI,2025-12-14,14,Borussia Dortmund,Sport-Club Freiburg,A,1,1,111.1719,7.6104,85.02055,1.70203,127.0,70.0,57.0,460.0,5.80069,587.0,7.50272,320.0,272.0,250.0,215.0,38.81052,55.0,0.83533,209.0,2.57063,264.0,3.40596,46.21004,72.0,0.8666900000000001,256.0,3.23004,328.0,4.09673,32.77,1059.0,,2025-12-14 | A vs Sport-Club Freiburg,96.27272727272727,96.27272727272727
DFL-MAT-J041XI,2025-12-14,14,Sport-Club Freiburg,Borussia Dortmund,H,1,1,121.21966,8.98941,91.66305,1.8008,127.0,67.0,62.0,509.0,6.86047,636.0,8.66127,353.0,302.0,286.0,240.0,48.17102,60.0,0.76619,238.0,3.16739,298.0,3.93358,43.49202,69.0,1.03462,288.0,3.69307,357.0,4.72769,33.67,1100.0,,2025-12-14 | H vs Borussia Dortmund,100.0,100.0
DFL-MAT-J041XQ,2025-12-20,15,Bayer 04 Leverkusen,RB Leipzig,A,3,1,125.79579,9.99558,101.85068,2.60688,159.0,85.0,76.0,524.0,7.0747599999999995,683.0,9.68164,335.0,363.0,250.0,287.0,50.14673,64.0,1.0995,205.0,2.6919,269.0,3.7914,51.70395,97.0,1.50738,332.0,4.3828700000000005,429.0,5.89025,32.95,1138.0,,2025-12-20 | A vs RB Leipzig,103.45454545454545,103.45454545454545
DFL-MAT-J041XQ,2025-12-20,15,RB Leipzig,Bayer 04 Leverkusen,H,1,3,125.1983,10.13768,101.36306,2.54585,168.0,99.0,70.0,535.0,7.45265,703.0,9.9985,404.0,308.0,305.0,238.0,47.71839,85.0,1.2960099999999999,231.0,3.19376,316.0,4.48977,53.64471,84.0,1.24989,312.0,4.25889,396.0,5.50878,33.9,1137.0,,2025-12-20 | H vs Bayer 04 Leverkusen,103.36363636363636,103.36363636363636
DFL-MAT-J041XS,2025-12-20,15,Sport-Club Freiburg,VfL Wolfsburg,A,4,3,122.85472,11.568579999999999,91.43806,3.16653,170.0,80.0,92.0,549.0,8.13615,719.0,11.30268,342.0,397.0,262.0,305.0,41.25284,73.0,1.36203,221.0,2.94439,294.0,4.30642,50.18522,99.0,1.80448,346.0,5.19176,445.0,6.99624,34.33,1138.0,,2025-12-20 | A vs VfL Wolfsburg,103.45454545454545,103.45454545454545
DFL-MAT-J041XS,2025-12-20,15,VfL Wolfsburg,Sport-Club Freiburg,H,3,4,117.84772,10.36396,88.03614999999999,3.16549,168.0,115.0,54.0,499.0,6.99844,667.0,10.163929999999999,389.0,291.0,274.0,237.0,46.4824,93.0,1.70591,245.0,3.4431,338.0,5.14901,41.55373,76.0,1.45961,266.0,3.55532,342.0,5.01493,33.34,1135.0,,2025-12-20 | H vs Sport-Club Freiburg,103.18181818181819,103.18181818181819
DFL-MAT-J041XW,2025-12-20,15,Eintracht Frankfurt,Hamburger SV,A,1,1,119.11263,10.4914,93.74893,2.43792,164.0,95.0,79.0,542.0,7.71561,706.0,10.15353,400.0,332.0,305.0,253.0,48.85226,87.0,1.17808,248.0,3.34026,335.0,4.51834,44.89668,87.0,1.2597800000000001,310.0,4.37536,397.0,5.63514,33.25,1135.0,,2025-12-20 | A vs Hamburger SV,103.18181818181819,103.18181818181819
DFL-MAT-J041XW,2025-12-20,15,Hamburger SV,Eintracht Frankfurt,H,1,1,122.32639,10.36749,94.4177,2.72702,168.0,104.0,69.0,537.0,7.2976,705.0,10.02462,405.0,321.0,301.0,252.0,42.49063,85.0,1.36374,214.0,2.93154,299.0,4.29528,51.927080000000004,88.0,1.36327,339.0,4.36609,427.0,5.72936,35.4,1135.0,,2025-12-20 | H vs Eintracht Frankfurt,103.18181818181819,103.18181818181819
